{"cameraMode":{"drawMode":0,"name":"Shaded","section":"Shading Mode"},"sceneLighting":false,"audioPlay":false,"sceneViewState":{"showFog":true,"showMaterialUpdate":false,"showSkybox":false,"showFlares":true,"showImageEffects":true,"showParticleSystems":true,"showVisualEffectGraphs":true,"m_FxEnabled":true},"in2DMode":false,"pivot":{"x":0.19471973180770875,"y":0.03441733121871948,"z":-0.014166384935379029},"rotation":{"x":-0.0845106765627861,"y":-0.6629329919815064,"z":0.07572321593761444,"w":-0.7400377988815308},"size":1.483048915863037,"orthographic":false}